plotID,conifer_pct_cover
A010,0.029940119760479042
A02,0.21132734530938124
A03,0.19535928143712575
A04,0.5404191616766467
A05,0.5117265469061877
A06,0.26322355289421157
A07,0.3008982035928144
A08,0.19520958083832335
A09,0.11743180306054558
